assembly_session,vote_id,resolution,amendment,vote_date,significant_vote,yes_votes,no_votes,abstain,colonization,human_rights,israel_palestine,disarmament,nuclear_weapons,economic_development
1,13,R/1/434,1,2/1/1946,0,10,31,2,0,0,0,0,0,0
1,14,R/1/435,1,2/1/1946,0,7,30,5,0,0,0,0,0,0
1,15,R/1/435,1,2/1/1946,0,10,26,6,0,0,0,0,0,0
1,16,R/1/467,1,2/2/1946,0,7,34,7,0,0,0,0,0,0
3,104,R/3/663,0,11/1/1948,0,7,37,10,0,0,0,0,0,0
3,110,R/3/731,1,12/5/1948,0,14,32,12,0,0,0,0,0,0
3,113,R/3/754,1,12/6/1948,0,5,48,5,0,0,0,0,0,0
3,114,R/3/756,1,12/6/1948,0,30,21,7,0,0,0,0,0,0
3,115,R/3/757,0,12/6/1948,0,32,20,5,0,0,0,0,0,0
3,116,R/3/766,0,12/7/1948,0,11,31,9,1,0,0,0,0,0
3,118,R/3/847,1,12/1/1948,0,14,31,8,0,1,0,0,0,0
3,149,R/3/426,1,5/6/1949,0,33,6,13,0,0,0,0,0,0
3,150,R/3/455,0,5/7/1949,0,47,1,10,0,0,0,0,0,0
3,171,R/3/595,1,5/3/1949,0,14,37,7,1,0,0,0,0,0
3,173,R/3/608,0,5/4/1949,0,21,27,11,1,0,0,0,0,0
5,239,R/5/15,0,9/1/1950,0,16,33,10,0,0,0,0,0,0
5,258,R/5/525,1,12/4/1950,0,5,50,1,0,0,0,0,0,0
7,317,R/7/13,0,10/6/1952,0,25,27,8,0,0,0,0,0,0
7,318,R/7/67,0,10/2/1952,0,10,41,8,0,1,0,0,0,0
7,319,R/7/69,0,10/2/1952,0,45,6,8,0,1,0,0,0,0
7,345,R/7/425,1,12/7/1952,0,29,8,22,1,0,0,0,0,0
8,366,R/8/28,0,9/7/1953,0,46,7,7,0,1,0,0,0,0
9,392,R/9/11,0,9/6/1954,0,43,11,6,0,0,0,0,0,0
9,393,R/9/41,0,9/2/1954,0,50,6,4,0,1,0,0,0,0
9,396,R/9/60,0,9/2/1954,0,30,19,11,1,0,0,0,0,0
10,423,R/10/9,0,9/7/1955,0,42,12,6,0,0,0,0,0,0
10,436,R/10/404,0,12/7/1955,0,33,17,9,0,1,0,0,0,0
31,1652,R/31/4,0,10/4/1976,0,105,1,28,1,0,0,0,0,0
31,1663,R/31/20,0,11/5/1976,0,90,16,30,0,1,1,0,0,0
31,1665,R/31/44,0,12/1/1976,0,132,0,1,1,0,0,0,0,0
31,1667,R/31/62,0,12/1/1976,0,122,2,8,0,0,1,0,0,0
31,1670,R/31/9,0,11/3/1976,0,91,2,32,0,0,0,0,0,0
31,1673,R/31/70,0,12/2/1976,0,132,0,0,0,0,0,1,1,0
31,1674,R/31/71,0,12/2/1976,0,130,0,1,0,0,1,1,1,0
31,1676,R/31/73,0,12/2/1976,0,91,2,43,0,0,0,1,1,0
31,1677,R/31/74,0,12/2/1976,0,121,1,14,0,0,0,1,0,0
31,1678,R/31/75,0,12/2/1976,0,116,2,18,0,0,0,1,1,0
31,1680,R/31/88,0,12/6/1976,0,106,0,27,0,0,0,0,0,0
31,1681,R/31/89,0,12/6/1976,0,95,2,36,0,0,0,1,1,0
31,1682,R/31/91,0,12/6/1976,0,103,1,11,0,0,0,0,0,0
31,1693,R/31/14,0,11/7/1976,0,101,0,31,0,0,0,0,0,1
31,1702,R/31/33,0,11/4/1976,0,97,12,29,0,0,1,0,0,1
31,1705,R/31/78,0,12/5/1976,0,112,2,16,0,1,0,0,0,0
31,1706,R/31/80,0,12/5/1976,0,101,0,30,0,1,0,0,0,0
31,1707,R/31/84,0,12/5/1976,0,121,0,12,0,0,0,0,0,1
31,1710,R/31/7,0,11/7/1976,0,99,9,18,1,1,0,0,0,0
31,1711,R/31/29,0,11/3/1976,0,125,0,3,1,0,0,0,0,0
31,1712,R/31/30,0,11/3/1976,0,121,0,5,1,0,0,0,0,0
31,1713,R/31/49,0,12/7/1976,0,103,1,32,0,0,0,0,0,0
31,1714,R/31/50,0,12/7/1976,0,116,8,15,1,0,0,0,0,0
31,1715,R/31/53,0,12/7/1976,0,65,20,53,1,0,0,0,0,0
31,1740,R/31/76,0,12/5/1976,0,94,0,25,0,0,0,0,0,0
32,1741,R/32/5,0,10/5/1977,0,130,1,8,1,0,1,0,0,0
32,1742,R/32/7,0,11/5/1977,0,122,0,17,1,0,0,0,0,0
32,1753,R/32/42,0,12/1/1977,0,134,0,9,1,0,0,0,0,0
32,1767,R/32/76,0,12/6/1977,0,116,0,14,0,0,0,1,1,0
32,1768,R/32/78,0,12/6/1977,0,129,2,1,0,0,0,1,1,0
32,1769,R/32/79,0,12/6/1977,0,120,0,13,0,0,0,1,1,0
32,1770,R/32/80,0,12/6/1977,0,133,0,0,0,0,0,1,0,0
32,1771,R/32/81,0,12/6/1977,0,133,0,0,0,0,0,1,1,0
32,1814,R/32/34,0,11/4/1977,0,67,26,48,1,0,0,0,0,0
32,1815,R/32/35,0,11/4/1977,0,101,12,28,0,0,0,0,0,1
32,1816,R/32/36,0,11/4/1977,0,139,0,4,1,0,0,0,0,0
33,1839,R/33/15,0,11/1/1978,0,115,4,22,1,0,0,0,0,0
33,1840,R/33/17,0,11/2/1978,0,127,0,1,0,0,0,0,0,0
33,1845,R/33/44,0,12/2/1978,0,129,0,6,1,0,0,0,0,0
33,1846,R/33/45,0,12/2/1978,0,135,0,0,1,0,0,0,0,0
33,1864,R/33/60,0,12/3/1978,0,135,1,5,0,0,0,1,1,0
33,1880,R/33/74,0,12/4/1978,0,128,0,14,0,0,0,0,0,0
33,1881,R/33/75,0,12/4/1978,0,119,2,19,1,0,0,0,0,0
33,1890,R/33/422,0,12/5/1978,0,108,0,23,0,0,0,0,0,0
33,1912,R/33/23,0,11/7/1978,0,105,7,20,1,1,0,0,0,0
33,1914,R/33/48,0,12/3/1978,0,128,0,12,0,0,0,0,0,0
33,1915,R/33/50,0,12/3/1978,0,130,0,13,0,0,0,0,0,0
33,1916,R/33/53,0,12/3/1978,0,85,0,49,0,1,0,0,0,0
33,1931,R/33/37,0,12/2/1978,0,138,0,3,1,0,0,0,0,0
33,1934,R/33/39,0,12/2/1978,0,60,31,44,1,0,0,0,0,0
33,1935,R/33/40,0,12/2/1978,0,84,15,34,0,0,0,0,0,0
33,1936,R/33/41,0,12/2/1978,0,133,0,8,1,0,0,0,0,0
33,1964,R/33/405,0,11/2/1978,0,85,9,19,0,0,0,0,0,0
33,1966,R/33/439,0,12/3/1978,0,116,11,0,0,1,0,0,0,0
34,1973,R/34/30,0,11/7/1979,0,100,4,36,0,0,0,0,0,0
34,1978,R/34/69,0,12/4/1979,0,115,1,22,1,0,0,0,0,0
34,1979,R/34/70,0,12/4/1979,0,105,16,20,1,0,1,0,0,0
34,1998,R/34/95,0,12/4/1979,0,138,0,4,1,0,0,0,0,0
34,2000,R/34/73,0,12/2/1979,0,137,0,2,0,0,0,0,1,0
34,2002,R/34/77,0,12/2/1979,0,136,0,1,0,0,1,1,1,0
34,2003,R/34/78,0,12/2/1979,0,96,3,40,0,0,0,1,1,0
34,2010,R/34/84,0,12/2/1979,0,114,1,25,0,0,0,1,1,0
34,2012,R/34/86,0,12/2/1979,0,110,1,29,0,0,0,1,1,0
34,2029,R/34/91,0,12/3/1979,0,92,7,37,0,0,0,0,0,0
34,2030,R/34/55,0,11/2/1979,0,122,0,15,0,0,0,0,0,1
34,2042,R/34/27,0,11/2/1979,0,116,0,26,0,1,0,0,0,0
34,2044,R/34/46,0,11/3/1979,0,137,1,7,0,1,0,0,0,0
34,2045,R/34/47,0,11/3/1979,0,101,0,42,0,1,0,0,0,0
34,2046,R/34/48,0,11/3/1979,0,73,26,40,0,1,0,0,0,0
34,2054,R/34/37,0,11/1/1979,0,88,8,39,1,0,0,0,0,0
34,2055,R/34/38,0,11/1/1979,0,135,0,8,1,0,0,0,0,0
34,2058,R/34/42,0,11/1/1979,0,137,0,8,1,0,0,0,0,0
34,2088,R/34/13,0,11/3/1979,0,92,14,12,0,0,0,0,0,0
36,2197,R/36/3,0,9/1/1981,0,149,1,0,0,0,0,0,0,0
36,2198,R/36/5,0,10/1/1981,0,100,25,19,0,0,0,0,0,0
36,2199,R/36/7,0,10/7/1981,0,81,0,55,0,0,0,1,0,0
36,2204,R/36/68,0,12/5/1981,0,133,3,10,1,0,0,0,0,0
36,2205,R/36/69,0,12/5/1981,0,141,0,6,1,0,0,0,0,0
36,2249,R/36/94,0,12/6/1981,0,116,17,12,0,0,0,1,1,0
36,2282,R/36/73,0,12/1/1981,0,111,2,25,1,0,1,0,0,1
36,2289,R/36/8,0,10/1/1981,0,121,19,6,0,0,1,0,1,0
36,2293,R/36/19,0,11/2/1981,0,132,1,1,0,0,0,0,0,0
36,2294,R/36/21,0,11/2/1981,0,139,0,1,0,0,0,0,0,0
36,2301,R/36/46,0,11/3/1981,0,76,9,57,0,0,0,0,0,0
36,2302,R/36/49,0,11/3/1981,0,149,0,3,1,0,0,0,0,0
36,2305,R/36/52,0,11/3/1981,0,125,6,22,0,0,0,0,0,0
36,2324,R/36/31,0,11/6/1981,0,113,15,10,0,0,0,0,0,0
37,2331,R/37/1,0,10/4/1982,0,139,0,1,0,0,0,0,0,0
37,2332,R/37/2,0,10/3/1982,0,123,3,23,0,0,0,0,0,0
37,2333,R/37/3,0,10/4/1982,0,120,1,15,0,0,0,0,0,0
37,2334,R/37/6,0,10/3/1982,0,105,23,20,0,0,0,0,0,0
37,2335,R/37/7,0,10/3/1982,0,114,1,17,0,0,0,0,0,0
37,2336,R/37/9,0,11/6/1982,0,89,12,53,0,0,0,0,0,0
37,2342,R/37/65,0,11/3/1982,0,115,1,21,1,0,0,0,0,0
37,2343,R/37/66,0,12/2/1982,0,135,2,8,0,0,0,0,0,0
37,2344,R/37/68,0,12/2/1982,0,134,0,1,0,0,0,0,0,0
37,2371,R/37/71,0,12/1/1982,0,138,0,7,0,0,0,0,0,0
37,2372,R/37/72,0,12/1/1982,0,124,2,20,0,0,0,0,1,0
37,2376,R/37/76,0,12/1/1982,0,98,2,45,0,0,0,1,1,0
37,2388,R/37/80,0,12/1/1982,0,109,17,19,0,0,0,0,1,0
37,2389,R/37/81,0,12/1/1982,0,145,0,3,0,0,0,1,1,0
37,2450,R/37/43,0,12/2/1982,0,122,17,7,1,0,0,0,0,0
37,2451,R/37/46,0,12/2/1982,0,134,2,14,0,1,0,0,0,0
37,2464,R/37/31,0,11/4/1982,0,128,7,16,1,1,0,0,0,0
37,2466,R/37/13,0,11/4/1982,0,115,0,18,0,0,0,0,0,0
37,2483,R/37/11,0,11/3/1982,0,138,1,0,0,0,0,0,0,0
38,2491,R/38/3,0,10/4/1983,1,106,23,19,0,0,0,0,0,0
38,2492,R/38/7,0,11/6/1983,1,107,9,28,0,0,0,0,0,0
38,2493,R/38/9,0,11/7/1983,0,125,2,12,0,0,1,0,1,0
38,2494,R/38/11,0,11/5/1983,0,142,0,7,0,0,0,0,0,0
38,2530,R/38/65,0,12/2/1983,0,94,3,46,0,0,0,1,1,0
38,2531,R/38/67,0,12/2/1983,0,108,17,18,0,0,0,1,1,0
38,2533,R/38/69,0,12/2/1983,0,99,2,39,0,0,1,1,1,0
38,2542,R/38/74,0,12/2/1983,0,135,0,7,0,0,0,1,1,0
39,2640,R/39/2,0,9/5/1984,0,142,0,2,0,0,0,0,0,0
39,2641,R/39/5,0,10/4/1984,1,110,22,18,0,0,0,0,0,0
39,2642,R/39/6,0,11/2/1984,0,89,10,55,0,0,0,0,0,0
39,2643,R/39/9,0,11/2/1984,0,139,2,1,0,0,0,0,0,0
39,2644,R/39/11,0,11/6/1984,0,97,0,34,0,1,0,0,0,0
39,2646,R/39/14,0,11/3/1984,0,106,2,33,0,0,1,1,1,0
39,2663,R/39/73,0,12/4/1984,0,138,2,5,0,0,0,0,0,0
39,2664,R/39/91,0,12/5/1984,0,138,2,6,1,0,0,0,0,0
39,2665,R/39/92,0,12/5/1984,0,139,2,6,1,0,0,0,0,0
39,2671,R/39/51,0,12/3/1984,0,138,0,9,0,0,0,1,1,0
39,2674,R/39/55,0,12/3/1984,0,100,3,42,0,0,0,1,1,0
39,2675,R/39/57,0,12/3/1984,0,105,19,20,0,0,0,0,1,0
39,2676,R/39/58,0,12/3/1984,0,146,0,4,0,0,0,0,1,0
39,2677,R/39/59,0,12/3/1984,0,150,0,1,0,0,0,1,0,0
39,2754,R/39/15,0,11/3/1984,0,122,10,14,1,0,0,0,0,0
39,2755,R/39/17,0,11/3/1984,0,122,17,7,1,1,0,0,0,0
39,2756,R/39/19,0,11/3/1984,0,123,1,23,0,1,0,0,0,0
39,2768,R/39/41,0,12/3/1984,0,142,0,3,1,0,0,0,0,0
39,2769,R/39/42,0,12/3/1984,0,121,2,22,1,0,0,0,0,0
39,2770,R/39/43,0,12/3/1984,0,119,3,22,1,0,0,0,0,0
39,2771,R/39/70,0,12/4/1984,0,120,15,6,0,0,1,0,0,0
39,2772,R/39/71,0,12/4/1984,0,122,15,3,0,0,1,0,0,0
39,2782,R/39/75,0,12/4/1984,0,120,0,17,0,0,0,0,0,1
39,2783,R/39/76,0,12/4/1984,0,106,10,21,1,0,0,0,0,0
39,2786,R/39/90,0,12/4/1984,0,126,0,12,0,0,0,0,0,0
40,2791,R/40/5,,10/6/1985,0,133,2,2,0,0,0,0,0,0
40,2792,R/40/6,,11/6/1985,0,88,13,39,0,0,1,1,1,0
40,2793,R/40/7,,11/3/1985,1,114,21,16,0,0,0,0,0,0
40,2795,R/40/12,,11/4/1985,1,122,19,11,0,0,0,0,0,0
40,2797,R/40/19,,11/5/1985,0,122,0,17,0,0,0,0,0,0
40,2798,R/40/21,,11/4/1985,0,106,4,41,0,0,0,0,0,0
40,2800,R/40/25,,11/6/1985,0,118,17,9,1,1,0,0,0,0
40,2802,R/40/28,,11/6/1985,0,136,1,9,0,1,0,0,0,0
40,2803,R/40/50,,12/2/1985,0,96,7,39,0,0,0,0,0,0
40,2808,R/40/57,,12/2/1985,0,141,3,7,1,0,0,0,0,0
40,2813,R/40/63,,12/3/1985,0,140,2,5,0,0,0,0,0,0
40,2823,R/40/69,,12/4/1985,0,127,6,9,0,0,0,0,0,0
40,2824,R/40/70,,12/4/1985,0,119,14,12,0,0,0,0,0,0
40,2825,R/40/79,,12/5/1985,0,139,0,7,0,0,0,1,1,0
40,2829,R/40/83,,12/5/1985,0,104,3,41,0,0,0,1,1,0
40,2830,R/40/85,,12/5/1985,0,101,19,25,0,0,0,0,1,0
40,2831,R/40/86,,12/5/1985,0,142,0,6,0,0,0,0,1,0
40,2832,R/40/87,,12/5/1985,0,151,0,2,0,0,0,1,0,0
40,2833,R/40/88,,12/5/1985,0,120,3,29,0,0,0,0,1,0
40,2836,R/40/90,,12/5/1985,0,128,1,21,0,0,0,1,1,0
40,2840,R/40/93,,12/5/1985,0,101,1,48,0,0,1,1,1,0
40,2860,R/40/100,,12/6/1985,0,127,1,24,0,0,0,0,0,1
41,2947,R/41/4,,10/6/1986,0,106,2,1,0,0,0,0,0,0
41,2948,R/41/6,,10/3/1986,1,115,21,13,0,0,0,0,0,0
41,2952,R/41/13,,10/6/1986,0,149,0,3,1,0,0,0,0,0
41,2955,R/41/16,,10/6/1986,0,101,0,43,0,0,0,0,0,0
41,2959,R/41/34,,11/4/1986,0,145,2,5,0,0,0,0,0,0
41,2967,R/41/38,,11/5/1986,1,79,28,33,0,0,0,0,0,0
41,2973,R/41/40,,11/3/1986,0,116,4,34,0,0,0,0,0,0
41,2976,R/41/42,,12/3/1986,0,148,2,7,1,0,0,0,0,0
41,2986,R/41/47,,12/4/1986,0,137,1,15,0,0,0,0,1,0
41,2990,R/41/53,,12/4/1986,0,154,0,1,0,0,0,1,0,0
41,2991,R/41/54,,12/4/1986,0,122,3,26,0,0,0,0,1,0
41,3035,R/41/75,,12/4/1986,0,141,5,8,0,0,0,0,0,0
41,3052,R/41/90,,12/5/1986,0,126,1,24,0,0,0,0,0,0
41,3053,R/41/91,,12/5/1986,0,117,1,33,0,0,0,0,0,0
41,3054,R/41/92,,12/5/1986,0,102,2,46,0,0,0,0,0,0
41,3055,R/41/93,,12/5/1986,0,95,2,56,0,0,1,1,1,0
41,3056,R/41/95,,12/5/1986,0,126,10,17,1,1,0,0,0,1
42,3102,R/42/3,,10/4/1987,1,117,21,16,0,0,0,0,0,0
42,3103,R/42/5,,10/5/1987,0,153,2,0,0,0,0,0,0,0
42,3104,R/42/7,,10/5/1987,0,103,0,15,0,0,0,0,0,0
42,3110,R/42/15,,11/3/1987,1,122,19,11,0,0,0,0,0,0
42,3115,R/42/20,,11/4/1987,0,142,2,6,0,0,0,0,0,0
42,3126,R/42/27,,11/2/1987,0,143,2,8,0,0,0,0,1,0
42,3129,R/42/32,,11/2/1987,0,151,0,3,0,0,0,0,1,0
42,3133,R/42/35,,11/2/1987,0,135,1,18,0,0,0,1,1,0
42,3159,R/42/44,,11/2/1987,0,97,1,50,0,0,1,1,1,0
42,3164,R/42/56,,11/2/1987,0,128,1,27,0,1,0,0,0,0
42,3181,R/42/72,,12/6/1987,0,135,2,6,1,0,0,0,0,0
42,3182,R/42/73,,12/6/1987,0,154,0,3,1,0,0,0,0,0
42,3183,R/42/74,,12/6/1987,0,133,10,12,1,0,0,0,0,1
42,3184,R/42/75,,12/6/1987,0,130,3,23,1,0,0,0,0,0
42,3185,R/42/78,,12/6/1987,0,93,0,50,0,0,0,0,0,0
42,3186,R/42/79,,12/6/1987,0,69,29,47,1,0,0,0,0,0
42,3187,R/42/91,,12/2/1987,0,128,0,24,0,0,0,0,0,0
42,3188,R/42/92,,12/2/1987,0,131,1,23,0,0,0,0,0,0
42,3191,R/42/96,,12/2/1987,0,124,10,19,0,1,0,0,0,0
43,3248,R/43/3,,10/2/1988,0,146,2,0,0,0,0,0,0,0
43,3249,R/43/11,,10/3/1988,1,89,2,48,0,0,0,0,0,0
43,3251,R/43/13,,10/4/1988,0,146,0,2,0,1,0,0,0,0
43,3252,R/43/14,,10/4/1988,0,127,1,25,1,0,0,0,0,0
43,3266,R/43/30,,11/3/1988,0,124,4,27,1,0,0,0,0,0
43,3307,R/43/68,,12/4/1988,0,117,17,16,0,0,0,0,1,0
43,3309,R/43/70,,12/4/1988,0,154,1,0,0,0,0,1,0,0
43,3312,R/43/72,,12/4/1988,0,152,0,2,0,0,0,1,1,0
43,3339,R/43/80,,12/4/1988,0,99,2,51,0,0,1,1,1,0
43,3341,R/43/82,,12/4/1988,0,138,0,11,0,0,0,1,1,0
43,3344,R/43/86,,12/4/1988,0,127,1,24,0,0,0,0,0,0
43,3345,R/43/87,,12/4/1988,0,128,0,24,0,0,0,0,0,0
43,3346,R/43/88,,12/4/1988,0,128,1,22,0,0,0,0,0,0
43,3347,R/43/89,,12/4/1988,1,97,3,45,0,0,0,0,0,0
43,3349,R/43/97,,12/5/1988,0,127,2,26,0,1,0,0,0,0
44,3385,R/44/1,,9/5/1989,0,148,0,2,0,0,0,0,0,0
44,3386,R/44/2,,10/6/1989,0,140,2,6,0,1,1,0,0,0
44,3387,R/44/7,,10/3/1989,0,143,2,0,0,0,0,0,0,0
44,3388,R/44/9,,10/4/1989,0,128,1,24,1,0,0,0,0,0
44,3390,R/44/20,,11/3/1989,0,146,1,2,0,0,0,0,0,0
44,3391,R/44/22,,11/5/1989,1,124,17,12,0,0,0,0,0,0
44,3392,R/44/24,,11/6/1989,0,137,1,0,0,0,0,0,0,1
44,3393,R/44/26,,11/2/1989,0,138,2,6,0,0,0,0,0,0
44,3404,R/44/30,,12/2/1989,0,126,1,24,0,0,0,0,0,1
44,3405,R/44/31,,12/2/1989,0,131,0,21,0,0,0,0,0,0
44,3406,R/44/32,,12/2/1989,0,134,5,14,0,0,0,0,0,0
44,3413,R/44/42,,12/4/1989,0,151,3,1,0,0,1,0,0,0
44,3414,R/44/43,,12/5/1989,1,91,2,41,0,0,0,0,0,0
44,3432,R/44/56,,12/6/1989,0,130,1,23,0,0,0,0,0,1
44,3433,R/44/63,,12/6/1989,0,129,1,25,0,1,0,0,0,0
44,3435,R/44/79,,12/6/1989,0,123,15,16,1,1,0,0,0,0
44,3436,R/44/81,,12/6/1989,0,125,10,21,0,1,0,0,0,0
44,3437,R/44/83,,12/2/1989,0,150,0,3,1,0,0,0,0,0
44,3438,R/44/84,,12/2/1989,0,125,10,17,1,0,0,0,0,1
44,3439,R/44/85,,12/2/1989,0,142,2,10,1,0,0,0,0,0
45,3502,R/45/16,,11/3/1990,0,144,0,3,1,0,0,0,0,0
45,3503,R/45/17,,11/3/1990,0,113,11,24,1,0,0,0,0,1
45,3505,R/45/32,,11/3/1990,0,111,3,31,1,0,0,0,0,0
45,3506,R/45/33,,11/3/1990,0,123,2,21,1,0,0,0,0,0
45,3511,R/45/39,,11/4/1990,0,148,1,0,0,0,0,0,0,0
45,3512,R/45/44,,11/4/1990,0,147,0,1,0,0,0,0,0,0
45,3516,R/45/50,,12/3/1990,0,116,2,27,0,0,0,0,1,0
45,3542,R/45/68,,12/5/1990,0,144,2,0,0,0,1,0,0,0
45,3543,R/45/69,,12/5/1990,0,141,2,3,0,1,1,0,0,0
45,3560,R/45/77,,12/4/1990,0,128,4,17,0,0,0,0,0,0
45,3563,R/45/80,,12/4/1990,0,121,2,29,0,0,0,0,0,0
45,3564,R/45/82,,12/5/1990,0,147,2,1,0,0,0,0,0,0
45,3568,R/45/84,,12/6/1990,0,121,8,22,1,1,0,0,0,1
46,3587,R/46/9,,10/4/1991,0,115,1,34,1,0,0,0,0,0
46,3588,R/46/10,,10/3/1991,0,134,0,23,0,0,0,0,0,0
46,3590,R/46/19,,11/2/1991,0,141,1,0,0,0,0,0,0,0
46,3592,R/46/24,,12/5/1991,0,140,2,0,0,0,0,0,0,0
46,3593,R/46/28,,12/6/1991,0,110,2,36,0,0,0,0,1,0
46,3594,R/46/29,,12/6/1991,1,147,2,3,0,0,0,0,1,0
46,3595,R/46/31,,12/6/1991,0,121,3,26,0,0,0,1,1,0
46,3597,R/46/33,,12/6/1991,0,155,0,1,0,0,0,1,0,0
46,3608,R/46/39,,12/6/1991,0,73,3,72,0,0,1,1,1,0
46,3627,R/46/49,,12/2/1991,0,127,4,30,0,0,0,0,0,0
46,3629,R/46/63,,12/4/1991,0,157,0,3,1,0,0,0,0,0
46,3630,R/46/64,,12/4/1991,0,109,34,16,1,0,0,0,0,1
46,3631,R/46/65,,12/4/1991,0,115,28,17,1,0,0,0,0,0
46,3632,R/46/71,,12/4/1991,0,137,2,22,1,0,0,0,0,0
46,3633,R/46/72,,12/4/1991,0,142,2,16,1,0,0,0,0,0
46,3637,R/46/75,,12/4/1991,1,104,2,43,0,0,1,0,0,0
46,3638,R/46/76,,12/4/1991,0,142,2,5,0,1,1,0,0,0
46,3639,R/46/78,,12/5/1991,0,140,1,7,0,0,0,0,0,0
47,3663,R/47/1,,9/3/1992,1,127,6,26,0,0,0,0,0,0
47,3664,R/47/8,,10/5/1992,1,146,0,5,0,0,0,0,1,0
47,3665,R/47/9,,10/3/1992,0,125,1,40,1,0,0,0,0,0
47,3666,R/47/12,,10/5/1992,0,118,2,1,0,0,0,0,0,0
47,3672,R/47/24,,11/4/1992,0,132,2,17,1,0,0,0,0,0
47,3674,R/47/43,,12/4/1992,0,128,3,30,0,0,0,0,0,1
47,3675,R/47/46,,12/4/1992,0,118,2,41,0,0,0,0,1,0
47,3676,R/47/47,,12/4/1992,1,159,1,4,0,0,0,0,1,0
47,3688,R/47/57,,12/4/1992,0,95,1,11,0,0,0,0,0,0
47,3689,R/47/59,,12/4/1992,0,129,3,35,0,0,0,0,0,0
47,3699,R/47/65,,12/6/1992,0,136,1,8,0,0,0,0,0,0
47,3719,R/47/84,,12/4/1992,0,118,10,36,0,1,0,0,0,0
48,3739,R/48/14,,11/2/1993,1,140,1,9,0,0,0,0,1,0
48,3740,R/48/15,,11/3/1993,0,106,0,25,0,0,0,0,0,0
48,3757,R/48/46,,12/6/1993,0,112,42,3,1,0,0,0,0,1
48,3758,R/48/47,,12/6/1993,0,113,6,42,1,0,0,0,0,0
48,3759,R/48/52,,12/6/1993,0,138,2,19,1,0,0,0,0,0
48,3760,R/48/53,,12/6/1993,0,141,2,18,1,0,0,0,0,0
48,3765,R/48/66,,12/5/1993,0,126,4,35,0,0,0,0,0,1
48,3766,R/48/67,,12/5/1993,0,161,0,5,0,0,0,1,0,0
48,3767,R/48/68,,12/5/1993,0,146,0,22,0,0,0,0,0,0
48,3768,R/48/69,,12/5/1993,0,118,3,45,0,0,0,0,1,0
48,3770,R/48/73,,12/5/1993,0,165,0,5,0,0,0,0,1,0
48,3779,R/48/79,,12/5/1993,0,161,0,3,0,1,0,1,0,0
48,3780,R/48/80,,12/5/1993,0,94,0,7,0,0,0,0,0,0
48,3782,R/48/83,,12/5/1993,0,122,1,45,0,0,0,0,0,0
49,3804,R/49/9,,10/4/1994,1,99,2,46,0,0,0,0,0,1
49,3805,R/49/10,,11/5/1994,1,94,0,59,0,0,0,0,0,0
49,3806,R/49/18,,11/2/1994,0,85,2,36,1,0,0,0,0,0
49,3807,R/49/26,,12/6/1994,0,127,0,2,0,0,0,0,0,0
49,3822,R/49/41,,12/6/1994,0,117,0,47,1,0,0,0,0,0
49,3824,R/49/52,,12/6/1994,0,140,0,8,0,0,0,0,0,0
49,3833,R/49/69,,12/5/1994,0,113,4,48,0,0,0,0,1,0
49,3834,R/49/72,,12/5/1994,0,153,3,9,0,0,0,1,1,0
49,3835,R/49/73,,12/5/1994,0,164,0,3,0,0,0,0,1,0
49,3836,R/49/74,,12/5/1994,0,166,0,1,0,0,0,1,0,0
49,3854,R/49/88,,12/6/1994,1,146,4,2,0,0,1,0,0,0
50,3875,R/50/9,,11/4/1995,1,142,1,8,0,0,0,0,1,0
50,3876,R/50/10,,11/5/1995,1,116,3,38,0,0,0,0,0,1
50,3877,R/50/11,,11/5/1995,0,100,35,29,0,0,0,0,0,0
50,3896,R/50/34,,12/4/1995,0,106,0,50,1,0,0,0,0,0
50,3921,R/50/61,,12/3/1995,0,157,1,6,0,0,0,0,0,0
50,3922,R/50/62,,12/3/1995,0,104,6,53,0,0,0,1,0,0
50,3923,R/50/63,,12/3/1995,0,157,0,9,0,0,0,1,0,0
50,3924,R/50/64,,12/3/1995,0,110,4,45,0,0,0,0,1,0
50,3948,R/50/96,,12/4/1995,1,100,30,22,0,0,0,0,0,1
51,3964,R/51/17,,11/3/1996,1,137,3,25,0,0,0,0,0,1
51,3965,R/51/19,,12/7/1996,0,117,0,1,0,0,0,0,0,0
51,3967,R/51/23,,12/4/1996,0,104,2,46,0,1,1,0,0,0
51,3970,R/51/26,,12/4/1996,0,152,2,4,0,0,1,0,0,0
51,3975,R/51/34,,12/3/1996,0,138,1,4,0,0,0,0,0,0
51,3976,R/51/39,,12/2/1996,0,105,39,24,0,0,0,1,0,0
51,3977,R/51/40,,12/3/1996,0,161,0,8,0,0,0,1,0,0
51,3998,R/51/51,,12/3/1996,0,131,3,37,0,0,0,0,0,0
52,4039,R/52/10,,11/4/1997,1,143,3,17,0,0,0,0,0,1
53,4157,R/53/85,,12/6/1998,0,143,0,2,0,0,0,0,0,0
55,4238,R/55/6,,10/5/2000,0,136,2,10,0,0,0,0,0,1
55,4239,R/55/7,,10/3/2000,0,143,2,4,0,0,0,0,0,0
55,4240,R/55/8,,10/3/2000,0,103,0,44,0,0,0,0,0,0
55,4241,R/55/20,,11/6/2000,1,167,3,4,0,0,0,0,0,1
55,4242,R/55/29,,11/3/2000,0,97,46,21,0,0,0,1,0,0
55,4243,R/55/31,,11/3/2000,0,111,0,54,0,0,0,0,1,0
55,4244,R/55/32,,11/3/2000,0,163,0,3,0,0,0,1,0,0
55,4260,R/55/36,,11/3/2000,1,157,3,8,0,0,1,1,1,0
55,4261,R/55/41,,11/3/2000,0,161,0,6,0,0,0,0,1,0
55,4262,R/55/49,,11/5/2000,0,119,0,1,0,0,0,0,0,0
55,4263,R/55/50,,12/7/2000,0,145,1,5,0,0,1,0,0,0
55,4264,R/55/51,,12/7/2000,0,96,2,55,0,0,1,0,0,0
55,4265,R/55/52,,12/7/2000,0,106,2,48,0,1,1,0,0,0
56,4305,R/56/7,,11/5/2001,0,93,0,1,0,0,0,0,0,0
56,4306,R/56/9,,11/4/2001,1,167,3,3,0,0,0,0,0,1
56,4307,R/56/12,,11/5/2001,0,121,1,4,0,0,0,0,0,0
56,4308,R/56/16,,11/6/2001,0,110,3,41,0,0,0,0,0,0
56,4309,R/56/20,,11/6/2001,0,92,46,17,0,0,0,1,0,0
56,4310,R/56/22,,11/6/2001,0,105,0,54,0,0,0,0,1,0
56,4311,R/56/23,,11/6/2001,0,156,0,4,0,0,0,1,0,0
56,4328,R/56/33,,12/3/2001,0,106,5,48,0,1,1,0,0,0
56,4329,R/56/34,,12/3/2001,0,107,5,47,0,1,1,0,0,0
56,4330,R/56/35,,12/3/2001,0,153,4,3,0,0,1,0,0,0
56,4331,R/56/36,,12/3/2001,1,131,6,20,0,0,1,0,0,0
56,4334,R/56/54,,12/3/2001,0,151,3,1,0,0,1,0,0,0
56,4335,R/56/55,,12/3/2001,0,154,0,1,0,0,1,0,0,0
56,4336,R/56/56,,12/3/2001,0,151,3,1,0,0,1,0,0,0
56,4337,R/56/57,,12/3/2001,0,150,3,1,0,0,1,0,0,0
56,4338,R/56/58,,12/3/2001,0,151,3,1,0,0,1,0,0,0
56,4339,R/56/59,,12/3/2001,0,83,4,58,1,1,1,0,0,0
56,4345,R/56/66,,12/3/2001,0,147,2,5,1,0,0,0,0,1
57,4372,R/57/5,,9/3/2002,0,133,2,2,0,0,0,0,0,1
57,4373,R/57/9,,11/3/2002,1,139,1,2,0,0,0,0,1,0
57,4374,R/57/11,,11/4/2002,1,172,3,4,0,0,0,0,0,1
57,4375,R/57/49,,11/6/2002,0,128,1,3,0,0,0,0,1,0
57,4377,R/57/56,,11/7/2002,0,106,0,55,0,0,0,0,1,0
57,4379,R/57/58,,11/7/2002,0,120,3,42,0,0,0,1,1,0
57,4380,R/57/59,,11/7/2002,0,125,6,36,0,0,0,1,1,0
57,4383,R/57/64,,11/7/2002,0,163,0,5,0,0,0,1,0,0
57,4384,R/57/65,,11/7/2002,0,160,1,4,0,0,0,1,0,1
57,4391,R/57/78,,11/7/2002,1,156,2,13,0,0,0,1,1,0
58,4492,R/58/47,,12/8/2003,0,114,47,17,0,0,0,1,1,0
58,4495,R/58/53,,12/8/2003,0,153,0,23,0,0,0,1,0,0
58,4496,R/58/54,,12/8/2003,1,150,0,27,0,0,0,1,0,0
58,4498,R/58/45,,12/8/2003,0,173,1,4,0,0,0,1,0,0
58,4499,R/58/71,,12/8/2003,0,173,1,4,0,0,0,0,1,0
58,4500,R/58/29,,12/8/2003,0,130,3,42,0,0,0,0,0,0
58,4501,R/58/44,,12/8/2003,0,118,12,46,0,0,0,0,0,0
58,4502,R/58/43,,12/8/2003,1,73,48,46,0,0,0,0,0,0
58,4504,R/58/39,,12/8/2003,0,172,1,1,0,0,0,1,0,0
58,4507,R/58/36,,12/8/2003,0,174,0,4,0,0,0,1,0,0
58,4508,R/58/33,,12/8/2003,0,106,49,19,0,0,0,1,0,0
58,4510,R/58/51,,12/8/2003,0,133,6,38,0,0,0,1,1,0
58,4512,R/58/23,,12/3/2003,0,104,5,61,0,0,1,0,0,0
58,4513,R/58/22,,12/3/2003,0,155,8,7,0,0,1,0,0,0
58,4515,R/58/18,,12/3/2003,1,97,7,60,0,1,1,0,0,0
58,4516,R/58/20,,12/3/2003,0,159,6,6,0,0,1,0,0,0
58,4517,R/58/19,,12/3/2003,1,98,6,63,0,1,1,0,0,0
58,4518,R/58/8,,11/5/2003,0,129,1,0,0,0,0,0,1,0
58,4519,R/58/7,,11/4/2003,1,179,3,2,0,0,0,0,0,1
58,4520,R/58/35,,12/8/2003,0,119,0,58,0,0,0,0,1,0
59,4562,R/59/78,,12/3/2004,0,180,2,2,0,0,0,1,0,1
59,4567,R/59/75,,12/3/2004,0,151,6,24,0,0,0,1,1,0
59,4573,R/59/76,,12/3/2004,0,165,3,16,0,0,0,0,1,0
59,4574,R/59/70,,12/3/2004,0,179,0,5,0,0,0,1,0,0
59,4576,R/59/62,,12/3/2004,0,106,48,21,0,0,0,1,0,0
59,4577,R/59/68,,12/3/2004,0,175,2,3,0,0,0,1,0,0
59,4579,R/59/65,,12/3/2004,0,178,0,4,0,0,0,1,0,0
59,4580,R/59/64,,12/3/2004,0,118,0,63,0,0,0,0,1,0
59,4582,R/59/30,,12/1/2004,0,162,7,9,0,0,1,0,0,0
59,4584,R/59/32,,12/1/2004,0,155,7,15,0,0,1,0,0,0
59,4586,R/59/29,,12/1/2004,1,103,8,64,0,1,1,0,0,0
59,4587,R/59/28,,12/1/2004,1,104,7,63,0,1,1,0,0,0
59,4589,R/59/18,,11/1/2004,0,123,1,0,0,0,0,0,1,0
59,4590,R/59/11,,10/28/2004,1,179,4,1,0,0,0,0,0,1
59,4591,R/59/6,,10/22/2004,0,104,1,0,0,0,0,0,1,0
60,4618,R/60/45,,12/8/2005,0,177,1,0,0,0,0,0,0,1
60,4619,R/60/46,,12/8/2005,0,180,1,1,0,0,0,1,1,0
60,4620,R/60/48,,12/8/2005,0,132,3,46,0,0,0,0,0,0
60,4621,R/60/51,,12/8/2005,0,110,53,17,0,0,0,1,0,0
60,4623,R/60/54,,12/8/2005,0,180,2,0,0,0,0,1,0,0
60,4626,R/60/59,,12/8/2005,0,122,8,50,0,0,0,1,1,0
60,4627,R/60/60,,12/8/2005,0,176,1,4,0,0,0,1,0,0
60,4629,R/60/62,,12/8/2005,0,158,1,11,0,0,0,1,0,0
60,4634,R/60/72,,12/8/2005,1,87,56,26,0,0,0,1,1,0
60,4637,R/60/56,,12/8/2005,0,153,5,20,0,0,0,1,1,0
60,4658,R/60/41,,12/1/2005,0,153,7,12,0,0,1,0,0,0
60,4660,R/60/38,,12/1/2005,0,160,7,6,0,0,1,0,0,0
60,4662,R/60/36,,12/1/2005,1,106,8,59,0,1,1,0,0,0
60,4663,R/60/30,,11/29/2005,0,141,1,4,0,0,0,0,0,0
60,4664,R/60/12,,11/8/2005,1,182,4,1,0,0,0,0,0,1
60,4665,R/60/6,,10/31/2005,0,137,1,0,0,0,0,0,1,0
61,4667,R/61/8,,10/30/2006,0,114,1,1,0,0,0,0,1,0
61,4668,R/61/11,,11/8/2006,1,183,4,1,0,0,0,0,0,1
61,4669,R/61/27,,12/1/2006,0,107,6,60,0,0,1,0,0,0
61,4671,R/61/26,,12/1/2006,0,157,6,9,0,0,1,0,0,0
61,4672,R/61/24,,12/1/2006,0,157,7,9,0,0,1,0,0,0
61,4673,R/61/23,,12/1/2006,1,101,7,62,0,1,1,0,0,0
61,4675,R/61/47,,12/4/2006,0,133,1,0,0,0,0,0,1,0
61,4684,R/61/83,,12/6/2006,0,125,27,29,0,0,0,1,1,0
61,4688,R/61/67,,12/6/2006,0,123,1,52,0,0,0,1,0,0
61,4693,R/61/63,,12/6/2006,0,175,1,4,0,0,0,1,0,0
61,4699,R/61/55,,12/6/2006,0,108,54,16,0,0,0,1,0,0
61,4700,R/61/54,,12/6/2006,0,176,1,0,0,0,0,0,0,1
62,4754,R/62/3,,10/30/2007,1,184,3,2,0,0,0,0,0,1
62,4755,R/62/19,,12/5/2007,0,121,1,56,0,0,0,0,1,0
62,4757,R/62/20,,12/5/2007,0,178,1,1,0,0,0,1,0,0
62,4758,R/62/41,,12/5/2007,0,164,0,18,0,0,0,1,0,0
62,4759,R/62/39,,12/5/2007,0,127,27,27,0,0,0,1,1,0
62,4760,R/62/44,,12/5/2007,0,177,1,1,0,0,0,1,0,0
62,4761,R/62/42,,12/5/2007,0,117,47,17,0,0,0,1,1,0
62,4762,R/62/47,,12/5/2007,0,179,1,0,0,0,0,1,0,1
62,4763,R/62/28,,12/5/2007,0,175,1,3,0,0,0,1,0,0
62,4764,R/62/43,,12/5/2007,0,179,1,1,0,0,0,0,0,0
62,4765,R/62/24,,12/5/2007,0,109,55,15,0,0,0,1,1,0
62,4766,R/62/25,,12/5/2007,0,156,5,14,0,0,0,1,1,0
62,4767,R/62/14,,12/5/2007,0,130,3,47,0,0,0,0,0,0
62,4768,R/62/35,,12/5/2007,0,169,3,8,0,0,0,1,1,0
62,4769,R/62/27,,12/5/2007,0,123,6,51,0,0,0,1,1,0
62,4770,R/62/17,,12/5/2007,0,179,1,0,0,0,0,0,0,1
62,4771,R/62/30,,12/5/2007,0,136,5,36,0,0,0,1,1,0
62,4772,R/62/31,,12/5/2007,0,174,1,5,0,0,0,1,1,0
62,4773,R/62/36,,12/5/2007,0,139,3,36,0,0,0,1,1,0
62,4775,R/62/29,,12/5/2007,0,179,1,1,0,0,0,1,0,0
62,4777,R/62/51,,12/5/2007,0,120,52,10,0,0,0,1,1,0
62,4779,R/62/84,,12/10/2007,0,160,6,7,0,0,1,0,0,0
63,4831,R/63/3,,10/8/2008,0,78,6,73,0,0,0,0,0,0
63,4833,R/63/7,,10/29/2008,1,185,3,2,0,0,0,0,0,1
63,4835,R/63/31,,11/26/2008,0,116,6,52,0,0,1,0,0,0
63,4836,R/63/30,,11/26/2008,0,163,6,6,0,0,1,0,0,0
63,4838,R/63/28,,11/26/2008,0,162,8,4,0,0,1,0,0,0
63,4839,R/63/27,,11/26/2008,1,106,8,57,0,1,1,0,0,0
63,4840,R/63/26,,11/26/2008,1,107,8,57,0,1,1,0,0,0
63,4854,R/63/58,,12/2/2008,0,166,5,7,0,0,0,1,1,0
63,4856,R/63/49,,12/2/2008,0,118,50,14,0,0,0,1,1,0
63,4859,R/63/44,,12/2/2008,0,175,1,2,0,0,0,1,0,0
63,4860,R/63/42,,12/2/2008,0,163,0,18,0,0,0,1,0,0
63,4862,R/63/40,,12/2/2008,0,177,1,1,0,0,0,1,0,0
63,4863,R/63/39,,12/2/2008,0,122,1,58,0,0,0,0,1,0
63,4864,R/63/37,,12/2/2008,0,178,1,0,0,0,0,0,0,1
63,4865,R/63/36,,12/2/2008,0,175,1,1,0,0,0,1,1,0
63,4875,R/63/98,,12/5/2008,0,165,8,4,1,1,1,0,0,0
64,4979,R/64/6,,10/28/2009,1,187,3,2,0,0,0,0,0,1
64,4980,R/64/10,,11/5/2009,0,114,18,44,0,1,1,0,0,0
64,4981,R/64/16,,12/2/2009,1,110,8,54,0,1,1,0,0,0
64,4982,R/64/17,,12/2/2009,1,112,9,54,0,1,1,0,0,0
64,4983,R/64/18,,12/2/2009,0,162,8,5,0,0,1,0,0,0
64,4984,R/64/19,,12/2/2009,0,164,7,4,0,0,1,0,0,0
64,4985,R/64/20,,12/2/2009,0,163,7,5,0,0,1,0,0,0
64,4986,R/64/21,,12/2/2009,0,116,7,51,0,0,1,0,0,0
64,4987,R/64/23,,12/2/2009,0,128,3,45,0,0,0,0,0,0
64,4988,R/64/28,,12/2/2009,0,176,0,2,0,0,0,1,0,0
64,4989,R/64/31,,12/2/2009,0,109,56,10,0,0,0,1,1,0
64,4991,R/64/37,,12/2/2009,0,115,50,14,0,0,0,1,1,0
64,4993,R/64/42,,12/2/2009,0,174,1,2,0,0,0,1,0,0
64,4995,R/64/47,,12/2/2009,1,171,2,8,0,0,0,1,1,0
64,4996,R/64/48,,12/2/2009,0,152,1,19,0,0,0,1,0,1
64,4997,R/64/50,,12/2/2009,0,180,0,0,0,0,0,1,0,1
64,4999,R/64/53,,12/2/2009,0,112,44,19,0,0,0,1,1,0
64,5000,R/64/54,,12/2/2009,0,153,0,23,0,0,0,1,0,0
64,5002,R/64/56,,12/2/2009,0,160,0,18,0,0,0,1,0,0
64,5003,R/64/57,,12/2/2009,0,169,5,5,0,0,0,1,1,0
64,5007,R/64/27,,12/2/2009,0,118,0,58,0,0,0,0,1,0
65,5049,R/65/6,,10/26/2010,1,187,2,3,0,0,0,0,0,1
65,5050,R/65/16,,11/30/2010,0,165,7,4,0,0,1,0,0,0
65,5051,R/65/15,,11/30/2010,0,167,8,2,0,0,1,0,0,0
65,5052,R/65/13,,11/30/2010,1,112,9,54,0,1,1,0,0,0
65,5053,R/65/14,,11/30/2010,1,110,9,56,0,1,1,0,0,0
65,5054,R/65/18,,11/30/2010,0,118,7,52,0,0,1,0,0,0
65,5055,R/65/17,,11/30/2010,0,166,6,4,0,0,1,0,0,0
65,5056,R/65/37,,12/7/2010,0,123,1,2,0,0,0,0,0,0
65,5057,R/65/43,,12/8/2010,0,119,0,58,0,0,0,0,1,0
65,5058,R/65/44,,12/8/2010,0,178,0,2,0,0,0,1,0,0
65,5059,R/65/46,,12/8/2010,0,175,1,2,0,0,0,1,0,0
65,5060,R/65/48,,12/8/2010,0,165,0,17,0,0,0,1,0,0
65,5061,R/65/49,,12/8/2010,0,144,3,36,0,0,0,1,1,0
65,5071,R/65/54,,12/8/2010,0,129,5,49,0,0,0,1,1,0
65,5076,R/65/60,,12/8/2010,0,121,49,14,0,0,0,1,1,0
66,5116,R/66/11,,11/18/2011,0,123,4,6,0,0,0,0,0,0
66,5117,R/66/12,,11/18/2011,1,106,9,40,0,0,0,0,0,0
66,5119,R/66/14,,11/30/2011,1,115,8,53,0,1,1,0,0,0
66,5124,R/66/15,,11/30/2011,1,114,9,54,0,0,1,0,0,0
66,5130,R/66/16,,11/30/2011,0,168,8,3,0,0,1,0,0,0
66,5132,R/66/17,,11/30/2011,0,167,7,4,0,0,1,0,0,0
66,5136,R/66/18,,11/30/2011,0,164,7,5,0,0,1,0,0,0
66,5138,R/66/19,,11/30/2011,0,119,7,53,0,0,1,0,0,0
66,5142,R/66/21,,12/2/2011,0,168,1,1,0,0,0,1,1,0
66,5143,R/66/22,,12/2/2011,0,124,4,46,0,0,0,0,0,0
66,5148,R/66/27,,12/2/2011,0,176,0,2,0,0,0,1,0,0
66,5150,R/66/29,,12/2/2011,0,162,0,18,0,0,0,1,0,0
66,5151,R/66/32,,12/2/2011,0,125,5,48,0,0,0,1,1,0
66,5152,R/66/33,,12/2/2011,0,175,0,3,0,0,0,1,1,0
66,5153,R/66/37,,12/2/2011,0,175,1,2,0,0,0,1,0,0
66,5154,R/66/39,,12/2/2011,0,156,0,23,0,0,0,1,0,0
66,5155,R/66/40,,12/2/2011,0,169,6,6,0,0,0,1,1,0
66,5158,R/66/46,,12/2/2011,0,130,26,23,0,0,0,1,1,0
66,5160,R/66/49,,12/2/2011,0,161,0,18,0,0,0,1,1,0
66,5162,R/66/57,,12/2/2011,0,117,48,12,0,0,0,1,1,0
66,5163,R/66/6,,10/25/2011,1,186,2,3,0,0,0,0,0,1
66,5164,R/66/61,,12/2/2011,0,167,6,5,0,0,1,1,1,0
66,5165,R/66/64,,12/2/2011,0,175,1,3,0,0,0,0,1,0
67,5181,R/67/4,,11/13/2012,1,188,3,2,0,0,0,0,0,0
67,5182,R/67/19,,11/29/2012,1,138,9,41,0,0,1,0,0,0
67,5183,R/67/20,,11/30/2012,1,106,7,56,0,1,1,0,0,0
67,5184,R/67/21,,11/30/2012,1,103,7,61,0,1,1,0,0,0
67,5186,R/67/23,,11/30/2012,0,163,6,5,0,0,1,0,0,0
67,5187,R/67/24,,11/30/2012,0,162,7,6,0,0,1,0,0,0
67,5188,R/67/25,,11/30/2012,0,110,6,59,0,0,1,0,0,0
67,5189,R/67/29,,12/3/2012,0,126,0,57,0,0,0,0,1,0
67,5191,R/67/31,,12/3/2012,0,146,2,35,0,0,0,1,1,0
67,5193,R/67/33,,12/3/2012,0,135,22,26,0,0,0,1,1,0
67,5194,R/67/34,,12/3/2012,0,175,6,5,0,0,0,1,1,0
67,5196,R/67/36,,12/3/2012,0,155,4,27,0,0,0,1,1,0
67,5197,R/67/38,,12/3/2012,0,132,5,50,0,0,0,1,1,0
67,5198,R/67/39,,12/3/2012,0,179,0,4,0,0,0,1,1,0
67,5199,R/67/42,,12/3/2012,0,162,1,20,0,0,0,1,0,0
67,5200,R/67/43,,12/3/2012,0,183,1,1,0,0,0,1,1,0
67,5201,R/67/45,,12/3/2012,0,123,48,15,0,0,0,1,1,0
67,5202,R/67/46,,12/3/2012,0,164,4,19,0,0,0,1,1,0
67,5203,R/67/53,,12/3/2012,0,166,1,21,0,0,0,1,1,0
67,5204,R/67/55,,12/3/2012,0,179,4,4,0,0,0,1,1,0
67,5205,R/67/56,,12/3/2012,0,147,4,31,0,0,0,1,1,0
68,5249,R/68/8,,10/29/2013,1,188,2,3,0,0,0,0,0,0
68,5250,R/68/17,,11/26/2013,0,112,6,58,0,0,1,0,0,0
68,5251,R/68/16,,11/26/2013,0,162,6,8,0,0,1,0,0,0
68,5252,R/68/15,,11/26/2013,0,165,6,6,0,0,1,0,0,0
68,5253,R/68/14,,11/26/2013,0,163,7,7,0,0,1,0,0,0
68,5254,R/68/13,,11/26/2013,1,108,7,59,0,1,1,0,0,0
68,5255,R/68/12,,11/26/2013,1,110,7,56,0,1,1,0,0,0
68,5258,R/68/29,,12/5/2013,0,180,0,2,0,0,0,1,0,0
68,5259,R/68/30,,12/5/2013,0,165,0,19,0,0,0,1,0,0
68,5260,R/68/31,,12/5/2013,1,152,0,29,0,0,0,1,0,0
68,5262,R/68/35,,12/5/2013,0,120,53,9,0,0,0,1,1,0
68,5263,R/68/38,,12/5/2013,0,127,5,52,0,0,0,1,1,0
68,5264,R/68/39,,12/5/2013,0,171,7,5,0,0,0,1,1,0
68,5266,R/68/42,,12/5/2013,0,133,24,25,0,0,0,1,1,0
68,5267,R/68/43,,12/5/2013,1,154,0,28,0,0,0,1,0,0
68,5272,R/68/58,,12/5/2013,0,126,49,9,0,0,0,1,1,0
68,5273,R/68/65,,12/5/2013,0,169,5,6,0,0,1,1,1,0
68,5274,R/68/68,,12/5/2013,0,181,1,3,0,0,0,0,1,0
68,5275,R/68/47,,12/5/2013,0,122,44,17,0,0,0,1,1,0
69,5313,R/69/5,,10/28/2014,1,188,2,3,0,0,0,0,0,1
69,5314,R/69/14,,11/11/2014,0,108,0,1,0,0,0,1,0,0
69,5316,R/69/21,,11/25/2014,1,91,7,59,0,1,1,0,0,0
69,5317,R/69/22,,11/25/2014,0,147,7,9,0,0,1,0,0,0
69,5318,R/69/23,,11/25/2014,0,148,6,8,0,0,1,0,0,0
69,5319,R/69/24,,11/25/2014,0,144,6,10,0,0,1,0,0,0
69,5320,R/69/25,,11/25/2014,0,99,6,57,0,0,1,0,0,0
69,5321,R/69/27,,12/2/2014,0,174,2,1,0,0,0,1,1,0
69,5322,R/69/30,,12/2/2014,0,125,0,56,0,0,0,1,1,0
69,5323,R/69/31,,12/2/2014,0,178,0,2,0,0,0,1,0,0
69,5324,R/69/32,,12/2/2014,0,126,4,46,0,0,0,1,0,0
69,5326,R/69/35,,12/2/2014,0,173,4,3,0,0,0,1,1,0
69,5328,R/69/40,,12/2/2014,0,124,48,10,0,0,0,1,1,0
69,5329,R/69/41,,12/2/2014,0,154,5,20,0,0,0,1,1,0
69,5331,R/69/43,,12/2/2014,0,134,23,23,0,0,0,1,1,0
69,5332,R/69/44,,12/2/2014,1,162,1,17,0,0,0,1,0,0
69,5333,R/69/47,,12/2/2014,0,181,1,2,0,0,0,1,0,0
69,5334,R/69/48,,12/2/2014,0,121,44,17,0,0,0,1,1,0
69,5337,R/69/53,,12/2/2014,0,181,0,2,0,0,0,1,0,0
69,5339,R/69/57,,12/2/2014,0,150,4,27,0,0,0,1,1,0
69,5340,R/69/58,,12/2/2014,0,139,24,19,0,0,0,1,1,0
69,5341,R/69/59,,12/2/2014,0,170,1,10,0,0,0,1,1,0
69,5343,R/69/62,,12/2/2014,0,180,0,2,0,0,0,1,1,0
69,5346,R/69/69,,12/2/2014,0,125,50,7,0,0,0,1,1,0
70,5394,R/70/5,,10/27/2015,1,191,2,0,0,0,0,0,0,1
70,5395,R/70/10,,11/17/2015,1,99,0,10,0,0,0,1,1,0
70,5396,R/70/12,,11/24/2015,1,102,8,57,0,1,1,0,0,0
70,5397,R/70/13,,11/24/2015,1,99,8,59,0,1,1,0,0,0
70,5398,R/70/14,,11/24/2015,0,155,7,7,0,0,1,0,0,0
70,5399,R/70/15,,11/24/2015,0,155,7,7,0,0,1,0,0,0
70,5400,R/70/16,,11/24/2015,0,153,7,8,0,0,1,0,0,0
70,5401,R/70/17,,11/24/2015,0,105,6,56,0,0,1,0,0,0
70,5402,R/70/22,,12/7/2015,0,128,3,45,0,0,0,0,0,0
70,5403,R/70/25,,12/7/2015,0,127,0,55,0,0,0,0,1,0
70,5404,R/70/26,,12/7/2015,0,179,0,2,0,0,0,1,0,0
70,5405,R/70/27,,12/7/2015,0,129,4,46,0,0,0,1,0,0
70,5406,R/70/28,,12/7/2015,0,176,0,3,0,0,0,1,1,0
70,5408,R/70/33,,12/7/2015,0,138,12,34,0,0,0,1,1,0
70,5409,R/70/34,,12/7/2015,0,140,26,17,0,0,0,1,1,0
70,5410,R/70/37,,12/7/2015,0,127,48,10,0,0,0,1,1,0
70,5411,R/70/38,,12/7/2015,0,121,48,12,0,0,0,1,1,0
70,5413,R/70/40,,12/7/2015,0,166,3,16,0,0,0,1,1,0
70,5414,R/70/41,,12/7/2015,0,174,0,4,0,0,0,1,0,0
70,5415,R/70/44,,12/7/2015,0,182,1,2,0,0,0,1,0,0
70,5416,R/70/45,,12/7/2015,0,178,4,1,0,0,0,1,1,0
70,5417,R/70/47,,12/7/2015,0,144,18,22,0,0,0,1,1,0
70,5419,R/70/50,,12/7/2015,0,132,36,16,0,0,0,1,1,0
70,5420,R/70/51,,12/7/2015,0,142,7,36,0,0,0,1,1,0
70,5421,R/70/52,,12/7/2015,0,127,43,15,0,0,0,1,1,0
70,5422,R/70/54,,12/7/2015,0,139,2,40,0,0,0,1,0,0
70,5425,R/70/57,,12/7/2015,0,133,23,28,0,0,0,1,1,0
70,5426,R/70/58,,12/7/2015,1,157,0,26,0,0,0,1,0,0
